Data1,Data2,Data3,Data4,Data5
1234.13633785645,1234.01205560022,1233.99289457393,1234.00085824263,1234.00003458072
1234.16327132359,1233.89920324864,1233.99612981565,1233.99991294165,1233.99992789014
1232.86197491646,1234.08506772050,1234.00319833295,1233.99868107559,1233.99987575878
1234.79860920271,1233.90224684033,1234.00133795465,1234.00109950115,1234.00003061097
1235.33389168543,1233.98368804635,1233.98413570066,1234.00008936859,1234.00003572396
1234.08969390965,1234.01594585381,1234.00820347973,1234.00200325570,1233.99995446816
1233.80397093702,1234.07457871036,1233.99442884873,1233.99988159972,1233.99991499629
1231.19710630954,1233.95104785428,1233.99560750734,1233.99917134935,1233.99998274006
1234.51038335148,1234.11578815745,1233.98857092480,1233.99981056018,1233.99999153088
1235.38712684400,1234.02769488108,1234.00868032881,1233.99921065240,1234.00003251442
1232.93430691383,1234.13653558153,1233.98969445999,1233.99905813258,1234.00023112222
1235.25859751898,1233.90207859871,1234.00246031894,1233.99949027050,1233.99998147703
1233.08849126407,1234.05934769246,1234.00743508967,1234.00099347032,1233.99995556051
1234.55203041370,1233.92796177768,1233.97039650639,1233.99865567635,1234.00009943062
1233.47005942080,1233.75510827810,1233.99691671990,1234.00035525509,1234.00018070297
1233.98080167223,1234.14547593884,1234.02086612678,1234.00007764356,1233.99987345696
1232.52415376438,1233.98962603861,1233.99721151302,1234.00058644524,1233.99996065720
1234.91759839529,1233.97719956019,1233.98549230139,1233.99889717577,1233.99995469815
1233.42933012803,1233.97712854090,1233.99056119501,1234.00039861133,1234.00005067510
1234.12740499100,1233.86476500109,1234.00577386989,1233.99954801399,1234.00016050039
1233.06543937011,1234.00743726262,1233.98764829250,1233.99936644009,1233.99998944608
1233.60075512267,1233.92708182378,1233.98863895840,1233.99983935531,1233.99994751328
1234.37758618758,1234.09912367961,1234.01163961032,1233.99843754139,1234.00013421776
1232.87167273156,1233.95671966347,1233.97204695580,1233.99994427693,1233.99985568808
1234.71011475096,1234.17803505610,1234.02472799887,1234.00120548297,1233.99996413758
1232.91187399899,1234.06292080146,1234.00894733248,1233.99951596513,1234.00013803447
1233.87264085639,1233.86770920236,1233.99767430735,1234.00196246581,1233.99991359517
1233.11698335446,1234.26547567180,1234.00632202651,1233.99961420409,1233.99993106371
1234.85593736132,1234.00060722884,1233.98581202192,1234.00121774029,1233.99998393067
1232.86615170803,1234.00472163690,1233.99565896332,1233.99755107230,1234.00014120173
1234.89178508763,1234.03138671702,1234.00253555745,1234.00080216862,1233.99995210050
1232.99694438739,1233.87078337910,1234.00393973975,1234.00056864768,1234.00008372112
1234.32324233847,1233.94737874972,1234.00940837903,1233.99998877932,1233.99996356160
1231.97458823476,1234.15234806583,1233.98742519865,1233.99928839389,1234.00001378618
1231.30750397578,1233.79471911504,1233.99303339297,1233.99967789071,1234.00002688691
1232.59489254995,1233.84493516120,1234.00003881797,1234.00064517746,1234.00010186493
1235.02336173210,1233.94934994118,1233.99038610867,1234.00061351412,1234.00000124571
1234.27370703208,1233.91968463005,1233.98239494885,1233.99984504690,1233.99990201129
1233.47546671691,1234.10735551962,1233.99730482976,1233.99819056036,1234.00011012791
1234.60493649231,1234.08259210925,1233.99568007725,1233.99857373789,1233.99986193349
1235.06025423973,1234.07812445979,1234.00425111492,1234.00039133716,1233.99990064280
1234.65695418780,1233.96197160791,1233.99461556535,1234.00164862942,1234.00001117820
1233.93735136710,1233.91287794011,1233.99248660716,1233.99966496741,1234.00008676892
1234.12833613253,1233.91929018561,1233.99149395709,1234.00011178743,1233.99996907362
1234.71196898981,1234.08574120438,1233.99659254435,1234.00134757780,1234.00002884434
1231.56896497260,1233.86221248710,1233.97586562080,1234.00164777311,1234.00002390920
1234.18461470943,1234.05992986237,1234.00116567017,1234.00096396882,1234.00001635299
1232.96768388745,1233.95362975606,1234.00175366533,1233.99895834270,1234.00006433948
1233.13581085647,1233.90130903198,1233.99507858449,1234.00046176710,1233.99993798579
1235.01675781093,1234.02112029907,1234.00235577494,1234.00001044406,1234.00000967696
1234.78481844906,1234.11792486119,1234.00855206124,1234.00002741404,1233.99992566212
1234.31345974644,1233.88124681686,1234.00655336283,1234.00008632624,1233.99991680461
1234.33528397056,1233.97489020012,1233.99440563292,1233.99986889280,1233.99996924294
1233.83352386289,1233.77265728307,1233.99209795019,1233.99983893170,1233.99983499590
1233.04231904023,1233.92894540738,1233.99875728298,1233.99966615597,1233.99993851686
1232.48118034693,1233.93951652169,1233.98823188561,1233.99958100268,1233.99992836719
1234.39461782208,1233.90454201658,1234.02368375505,1234.00097952842,1233.99994701933
1234.26676965794,1234.12695219286,1234.00577229623,1234.00045103960,1234.00002188602
1234.10659645240,1234.01813669866,1234.01019234061,1233.99910144878,1233.99996316316
1233.86371457770,1234.12293238080,1234.00840621037,1234.00143175171,1234.00017093566
1234.15860623927,1233.79579350105,1234.00798588630,1233.99870813148,1234.00009364452
1234.89351179890,1233.96775726249,1233.99709840747,1233.99851225859,1234.00008631794
1233.86840857457,1233.93307628183,1233.99832267062,1234.00010108981,1234.00018827097
1233.21225451185,1234.03349056370,1233.98444291791,1233.99896174398,1233.99999787969
1233.74684084713,1234.04754542657,1234.02888653854,1234.00094958992,1234.00003562849
1234.28142690843,1233.93423496006,1234.00650006431,1234.00060185782,1233.99993508361
1234.74949120551,1234.04766046202,1234.00329752371,1234.00166292044,1234.00001200083
1236.07257491439,1233.99402165367,1233.99903482794,1233.99980900766,1233.99988023639
1234.63916420023,1234.15437692723,1233.99559264272,1233.99905867572,1234.00001350209
1233.57108490542,1233.88838545497,1233.99611256370,1234.00078071613,1233.99994749628
1236.28227900961,1234.05546357673,1234.00170333188,1234.00078102871,1234.00008006450
1234.39779586591,1234.02799176257,1233.99531566624,1234.00118092223,1233.99999433655
1235.41171564979,1234.01559645755,1233.99433196293,1234.00054331113,1234.00016222775
1234.26090081986,1234.01258337745,1234.01151582441,1234.00092758944,1233.99991829228
1234.01026831278,1234.09389707224,1234.00170287859,1233.99977766458,1233.99998948959
1235.14089978494,1233.99548935604,1234.01011153481,1234.00002812389,1233.99996344718
1234.92630351494,1233.84538527470,1233.99898748779,1234.00016101928,1234.00005618540
1233.34538281389,1233.86170815061,1233.99146759104,1233.99885001270,1234.00006092565
1235.75702867004,1233.93942754018,1233.99565439612,1233.99858400928,1234.00011821594
1233.22076228786,1233.94115564435,1234.00833019381,1234.00196591552,1233.99989094019
1233.74704521712,1234.08552144888,1234.00935525856,1233.99921034514,1234.00004568033
1234.25440363449,1234.06607202957,1234.00194745373,1233.99863001558,1233.99984151584
1232.29757833339,1234.29872801266,1234.01532950564,1234.00049717072,1234.00008742172
1235.24996879539,1234.02024639275,1234.00133722021,1233.99958359889,1233.99989833385
1233.91318688756,1233.92747954432,1234.00472497237,1233.99967242529,1233.99991677116
1235.10227284642,1233.95308323422,1234.00720190786,1233.99980910488,1233.99999498352
1235.53628283022,1234.13262814883,1234.01824794538,1233.99918374312,1233.99993704768
1233.59749410358,1234.10411868692,1233.99302339028,1234.00088879344,1234.00018653513
1234.81989113773,1233.99275297981,1234.01120567073,1234.00026999091,1234.00011324656
1232.80408962169,1233.94046208673,1233.99557126872,1233.99949444633,1233.99989802500
1232.89093297608,1234.07223875045,1234.00726005197,1233.99926368399,1234.00009537976
1233.65890285662,1233.89056752633,1234.01016836632,1234.00176659456,1234.00016298818
1233.75444148947,1233.80806034096,1234.00604801464,1234.00005843903,1233.99998718194
1234.92413845002,1234.16543627926,1234.00731642540,1233.99810203196,1234.00000244457
1234.42552617566,1233.93052063350,1234.00875286922,1234.00011508168,1234.00010620984
1232.87283174446,1233.69756002222,1233.99351090982,1233.99839039544,1233.99997207551
1232.97414336026,1234.03726818080,1233.99955644645,1234.00082010409,1234.00004316303
1235.20140241306,1234.08871196668,1234.00586678742,1233.99911096797,1233.99996042675
1233.96117033386,1233.78373076735,1234.00003269450,1234.00000627909,1234.00006232756
1234.24286093424,1233.97872988195,1234.01710097926,1234.00067120582,1233.99991819474
1232.88741994110,1233.96196539764,1234.01626943596,1234.00070301396,1233.99990669760
1234.94796145459,1233.87754363630,1233.98295638953,1233.99991077051,1234.00003951065
1233.91444084549,1233.93550138070,1233.98902679576,1233.99864083012,1234.00001122857
1233.67526526113,1234.07017862358,1233.99818358093,1233.99808040439,1234.00000368421
1234.10553060510,1234.02278707679,1233.99216494967,1233.99952279338,1234.00008612548
1233.51928314676,1233.88391389770,1234.01275383984,1234.00121975074,1233.99996139620
1234.01510463999,1233.96761206120,1233.99950026650,1234.00046142187,1233.99993866986
1234.41703712614,1233.92098277981,1234.00300746465,1233.99882413555,1234.00000809365
1234.73126939008,1233.86058445162,1234.00532776668,1233.99973624593,1234.00008419582
1233.45073703366,1234.14064908758,1234.00139296450,1233.99937813531,1234.00019806081
1234.41699468730,1233.99731401967,1233.98079579129,1234.00060548614,1233.99999338644
1234.57513261838,1233.85523150566,1234.00384729148,1234.00138725653,1233.99998780822
1233.92110342077,1234.04321318690,1233.98934600736,1233.99914660143,1233.99986360262
1232.94718868649,1234.03464757098,1233.99126598104,1234.00165323045,1233.99999627393
1234.04095561736,1234.09837760073,1234.00818703798,1234.00033722936,1233.99988509809
1233.08590475014,1234.05726895514,1233.99771502063,1234.00073374840,1233.99994818510
1234.61758675620,1234.04534929392,1233.98662371926,1234.00033598148,1234.00006405046
1234.91283188421,1233.97276887307,1234.01932729408,1233.99993924202,1234.00017514730
1233.05484108774,1234.13545345176,1234.01171872983,1234.00047209308,1234.00012971154
1233.82639159900,1233.93117153004,1234.00858343318,1234.00000463505,1234.00027606640
1232.62352820206,1233.99859467760,1234.00486025736,1234.00075604590,1234.00012019945
1234.90740292638,1234.08020462437,1233.99991169660,1233.99929849432,1234.00004549880
1233.90939036436,1234.22354245889,1234.01425543078,1233.99880635419,1234.00012603144
1232.79099628121,1234.00202057990,1234.01238949729,1233.99963847892,1234.00011210970
1233.72841281564,1234.34008875159,1233.98843110978,1233.99853559213,1234.00001464778
1233.68369462455,1234.19796447355,1234.00671807266,1234.00058669101,1234.00001549334
1234.21008122079,1233.90231367976,1234.00282785985,1234.00109239090,1233.99994879099
1232.83736295048,1234.06700591680,1233.98103515376,1233.99943502914,1234.00007716514
1235.02620908310,1234.14424426366,1233.98984677334,1233.99922887759,1234.00008659726
1235.12996297723,1233.84200233176,1233.98144897997,1233.99975738047,1233.99996863084
1234.81063357118,1233.92853103784,1234.00111545133,1234.00069221293,1234.00006710916
1233.33958574720,1233.87669942143,1233.99111029320,1234.00187935546,1234.00001517163
1235.31508341924,1233.88269438725,1234.01975176578,1233.99915326408,1233.99995003634
1234.40175708753,1234.03708794337,1233.98885366388,1233.99998753908,1233.99993131235
1235.31806083783,1233.82746478748,1234.01396373896,1234.00072046232,1234.00002457613
1233.05616616736,1233.82254705923,1234.01180897936,1234.00166528811,1233.99995475753
1233.70545968711,1234.01609494794,1233.98867489734,1233.99939428710,1233.99998618314
1235.34800391934,1233.85736342406,1233.99920704905,1234.00332771046,1234.00005650974
1232.39893228559,1233.90910974707,1234.00030024496,1234.00027625884,1234.00001290558
1233.41276310985,1234.06010582205,1233.99138801363,1234.00104043007,1234.00011310934
1233.28357758995,1233.97619886115,1233.99901070442,1234.00167084271,1233.99994732730
1235.36380881640,1233.92868268037,1233.99944149696,1233.99944055490,1233.99994083623
1233.84014521554,1233.89282413622,1233.99983873726,1234.00170483538,1233.99988797704
1232.22912523906,1234.16096501005,1234.01237963115,1233.99955609907,1234.00006653006
1234.17498937818,1233.85794487682,1234.00151066998,1234.00023659946,1233.99993123566
1233.42309839348,1234.03669852106,1233.98983970429,1233.99960393874,1234.00004621141
1232.69817960618,1233.88730380661,1233.99823673387,1234.00030330212,1233.99995335591
1233.91653305879,1234.19994438091,1234.00122063534,1234.00097620992,1233.99993206064
1234.09289672026,1233.98441650442,1233.99029677830,1234.00016897452,1233.99999246433
1235.39245803964,1233.85800552216,1234.00147003781,1234.00020226048,1233.99978992316
1231.72961765432,1234.03687272456,1234.00923269017,1233.99991426363,1233.99994633134
1232.38528137016,1234.21255988954,1233.98405496943,1234.00024395895,1234.00012392529
1233.33273544834,1233.91836627131,1233.99649024196,1233.99984922496,1233.99999355994
1233.13550697104,1233.91289507566,1233.98651012557,1234.00005112869,1234.00001826515
1234.49707488420,1234.03667859131,1233.99113576612,1233.99882532770,1234.00009635298
1234.18174649557,1234.00236879315,1234.01945109047,1234.00080936497,1234.00009504799
1234.20961702363,1234.07763109485,1234.00003272770,1234.00059216601,1234.00009490954
1233.85085607161,1233.91726776677,1234.00444424040,1233.99960925409,1233.99992749674
1234.74281719386,1234.00671014450,1233.99160509386,1233.99957971447,1233.99994844649
1234.06079879057,1234.12538546911,1233.98993229410,1233.99791682214,1233.99996958234
1233.29378815059,1233.94128687335,1234.00600474116,1234.00023910888,1233.99998440545
1235.40684025557,1234.03550877940,1233.99478177571,1233.99949158066,1234.00011616140
1234.52100119737,1234.02741197933,1234.00946286626,1234.00017124914,1233.99996656152
1234.34264831755,1234.00337051409,1233.99837693685,1233.99980059888,1233.99995735333
1234.82852298554,1234.04003768842,1234.00448202139,1234.00054721919,1234.00007975373
1233.70413436303,1234.03847832550,1234.01204317891,1234.00141371240,1233.99998160251
1234.34646092953,1233.97848165403,1233.99936586372,1233.99967130793,1233.99997369739
1233.47912658391,1233.89918500976,1234.00091986367,1233.99978861272,1234.00003624757
1234.91966664686,1233.94486739235,1234.00580152404,1234.00060389417,1233.99991762954
1234.56411738405,1233.90552796992,1233.99868392485,1234.00010961137,1233.99997283719
1234.64552903434,1233.91368663641,1233.99466707632,1233.99994502248,1234.00008292156
1232.31640210389,1234.00085772490,1233.99933231866,1234.00132734590,1233.99997667867
1231.41016294830,1234.04653889539,1233.99138998682,1233.99863300811,1234.00018536616
1234.20875757541,1234.08481545939,1233.99511340977,1233.99897285015,1233.99999341678
1234.78138557676,1233.89827767297,1234.00940382092,1234.00043229667,1234.00002952944
1236.41702872501,1233.92485342272,1234.00062351172,1234.00018448488,1234.00004673359
1232.95192317790,1234.07600775959,1234.01295428148,1233.99941325747,1234.00012750035
1234.62142192009,1233.83293543706,1234.00455777265,1234.00058023708,1234.00000548681
1233.19847907794,1233.96353136489,1233.99479298677,1233.99969112774,1234.00002338529
1234.44025248267,1233.91285544359,1233.99784486880,1234.00086221968,1233.99993686728
1233.33554013136,1234.05767493995,1233.97590721906,1234.00032098976,1233.99987531229
1234.37725099416,1234.06330553577,1233.98014875804,1233.99863907438,1234.00021790231
1232.58443929627,1233.91817648177,1233.99625989217,1233.99925502602,1234.00004938393
1234.31952395857,1233.82767037915,1234.00682118856,1233.99975503523,1233.99998245692
1234.85462925427,1233.82009438033,1234.01544058296,1233.99996829396,1234.00008961101
1233.89274000323,1233.94410717094,1234.00608117438,1233.99985926040,1234.00005686083
1234.95778927260,1233.92302293027,1233.99759763071,1234.00135066227,1234.00013047725
1232.90217459093,1234.07876165723,1234.02196528995,1234.00008664446,1233.99988404136
1234.05126784845,1233.97675488512,1233.96965028805,1233.99949688315,1233.99986463576
1234.04923697233,1233.92615114553,1233.99582645956,1233.99875857839,1234.00000284029
1235.15194282559,1234.02057984127,1233.99288912132,1233.99928209568,1233.99992578079
1234.72542908071,1234.16078554189,1234.00685635174,1233.99959426555,1234.00008524933
1234.25748586147,1234.14113665872,1234.01947461805,1234.00094987540,1233.99989737432
1232.87414578841,1233.99590415528,1234.00631646732,1233.99925330192,1233.99992384488
1234.81867093955,1234.01156838872,1233.99221803176,1234.00050109360,1233.99988799894
1234.71591101973,1233.93555612379,1233.99789789308,1234.00100166030,1234.00012650680
1235.64320088938,1233.83944114800,1233.99180709359,1234.00009762496,1234.00010502833
1232.07783211222,1233.97125604416,1233.99310074351,1233.99985999918,1234.00002114059
1234.86395069632,1234.10731116126,1233.98882399432,1233.99777108793,1234.00000261623
1233.80306926929,1234.05637065304,1234.00376168645,1234.00079928225,1233.99996414637
1236.05356845281,1234.19000818078,1233.99971639737,1233.99914993237,1233.99999637375
1234.38944477029,1233.93979791891,1233.99221360432,1234.00212786382,1233.99997772680
1234.08923119262,1233.92029215354,1233.99614340409,1234.00152967444,1234.00018451277
1232.40899820819,1233.97825272740,1233.98767079212,1234.00107356238,1234.00017935585
1234.68668931623,1234.09968163365,1234.00666887254,1234.00045831424,1234.00002785169
1233.68179527342,1234.05792774163,1234.02583190124,1233.99929375967,1234.00000821780
1235.01506013915,1234.00214660986,1234.01941484992,1234.00006104635,1234.00001693035
1234.42314905465,1233.98642777339,1233.99209072059,1234.00120611183,1234.00001436906
1232.52136338885,1233.97127729953,1233.99034021067,1233.99874033522,1233.99997724413
1234.17012424760,1234.06831577381,1234.00079239444,1233.99949964428,1234.00001823046
1233.37570631913,1234.03791741454,1233.99940857308,1234.00258286759,1233.99987128510
1233.43861354603,1233.98685717897,1234.00068806670,1234.00132731118,1233.99992205489
1234.76309671959,1233.94162418623,1234.00942543857,1234.00030991913,1233.99992423370
1233.27313815018,1233.93716583666,1233.97915256830,1234.00137964357,1234.00006495765
1233.85091613281,1234.10374944594,1233.99724875955,1233.99918044814,1233.99972819222
1234.12069475476,1233.98127260049,1233.98901039490,1233.99990043869,1233.99998058074
1231.14534014068,1233.94653296635,1233.99444938369,1234.00174452523,1234.00000343674
1234.77945115367,1234.08951550051,1233.99504334767,1234.00000259046,1233.99997942997
1233.78995516489,1234.13889503305,1234.00016153866,1234.00021752915,1234.00003917519
1233.68098234787,1233.98343587987,1234.01289694988,1233.99965888205,1233.99997726801
1233.95161469792,1234.08719454524,1234.00827629892,1233.99906599248,1234.00010476303
1234.59247276313,1233.96752283638,1234.00484134911,1234.00010453353,1233.99999067176
1234.64039951606,1233.95758254655,1234.00844623537,1234.00004656896,1234.00003753103
1234.70750942042,1234.19694130602,1233.99384767409,1234.00083810059,1234.00001517283
1234.60645635978,1233.78756049668,1234.00147434527,1234.00011314974,1234.00010186989
1235.01406200440,1234.05094947039,1234.00281675401,1233.99832542676,1233.99982050326
1233.91276573058,1234.18514217676,1234.00033474897,1234.00011070246,1234.00014545069
1234.14932609672,1233.93028510430,1233.99985064353,1234.00040066098,1233.99985849470
1232.71557015850,1233.94775751023,1233.99905696806,1234.00056703199,1234.00001440182
1234.58481826957,1233.75441270304,1234.00372227056,1234.00152389910,1233.99998266310
1234.28228893403,1234.16764943576,1233.99662269689,1234.00257319964,1234.00004615712
1233.54337100920,1233.88834895411,1234.00035662012,1234.00067605530,1233.99991533504
1233.41241642917,1233.92138450444,1234.00138917077,1234.00036913056,1234.00014003332
1232.93759407466,1233.98393206342,1233.98043795524,1233.99801441705,1233.99998725734
1231.76010328277,1234.08403708210,1234.00219467454,1234.00081632032,1233.99994659314
1233.90576708586,1233.89377740208,1233.99828625845,1234.00003029735,1234.00006350882
1234.48031131868,1233.96633157841,1234.00363888003,1234.00008121196,1233.99977755450
1232.03268771063,1234.05483628240,1234.01440509248,1234.00129676173,1233.99996646841
1233.58041290912,1234.05627357131,1234.01133399144,1234.00087531133,1233.99987901064
1235.84910615693,1234.07778076297,1234.00640210498,1233.99954474976,1234.00007685662
1234.95075441967,1233.89834304005,1233.99595447819,1234.00012616772,1233.99979662791
1233.13228788492,1234.01899898350,1234.01903005663,1233.99990467066,1234.00016487582
1232.23081644325,1234.06339629522,1233.99169644780,1233.99951661951,1233.99981538655
1233.31507284302,1234.05858918671,1233.98304064316,1234.00045066110,1234.00009808542
1234.22797061399,1234.02653894216,1233.99031517209,1234.00107115066,1233.99980956681
1232.36721742871,1234.11177291539,1233.99830531348,1233.99908425443,1233.99995792037
1233.79818095218,1234.07523915052,1233.97674240293,1234.00001847418,1234.00011192281
1233.94673737428,1233.91857514945,1233.99147367688,1233.99926657735,1233.99978244905
1233.71700118805,1234.04250807851,1233.99670658181,1234.00258331720,1234.00012949788
1233.41316748508,1234.03238719109,1234.01041321797,1234.00085387916,1233.99982491596
1233.46234533484,1233.92897499325,1233.98689592094,1234.00110162772,1233.99994968724
1233.34377895151,1233.86157081141,1233.99244459873,1233.99985520530,1234.00012881721
1233.65132599695,1233.99430523319,1233.98267905943,1233.99982105510,1233.99988076074
1233.56090286663,1234.00884864655,1234.01152508693,1234.00102761057,1233.99976266520
1232.74737736026,1234.12117410393,1234.01782775424,1234.00075784687,1233.99991845699
1233.12583521670,1233.99195765353,1234.00119625413,1233.99827106204,1233.99996688622
1230.74595020986,1233.99147091658,1234.00930421119,1234.00034902890,1234.00017951297
1233.07187567777,1233.84664681087,1234.00925639240,1234.00058949022,1234.00008481111
1234.25590974857,1233.95547420715,1234.02213809888,1233.99941946806,1233.99997056652
1232.96333191290,1233.95484993329,1233.99206605301,1233.99878341917,1233.99998623413
1233.49669287757,1233.91336390480,1233.98063150874,1233.99863495311,1234.00003658472
1235.28202275283,1234.06205803634,1234.00902997729,1234.00062420397,1233.99984756324
1234.51260993648,1234.12296701559,1234.00289727654,1234.00043709730,1233.99995434727
1235.35558381493,1233.96097060970,1234.00061768842,1233.99894285531,1233.99987011782
1234.06553979181,1234.01771391375,1233.98907274695,1233.99986962451,1233.99991770646
1233.76115483250,1234.06822505262,1233.99838406976,1234.00040448341,1233.99995778967
1234.86358387251,1234.02626426769,1233.99935204382,1233.99945514608,1234.00004630202
1235.01775583885,1234.08546984909,1233.99800628797,1233.99774817742,1234.00020239425
1235.14943921221,1234.01297459889,1234.00313750721,1233.99978894975,1233.99987148509
1233.15140623770,1234.08104509456,1233.99736265645,1233.99951356333,1233.99995277457
1235.35468773622,1234.06557812238,1233.99526014518,1233.99933653657,1233.99995940452
1233.11035728561,1233.95898676481,1233.99405544361,1234.00060936794,1234.00002853177
1233.05506876325,1234.18764383570,1234.02520340283,1234.00293086691,1233.99990424446
1233.61428755193,1234.09300248387,1234.02267600430,1233.99885488307,1234.00001747263
1233.91716807591,1233.80085541568,1233.99479006324,1233.99963211291,1233.99995373605
1233.95940128263,1234.06982333008,1233.98219905029,1233.99905923693,1234.00015982838
1233.41291302646,1233.98571911382,1234.00759203454,1234.00031378349,1233.99994283720
1233.03890679009,1234.06682959294,1233.98286784401,1233.99863634798,1234.00016897326
1232.46389535537,1234.04789569737,1234.00993223634,1233.99823388368,1234.00010689466
1233.46255443580,1234.09382433434,1233.99056992464,1234.00117568514,1233.99981656639
1234.30489439533,1234.00011397560,1234.01237219623,1234.00010690578,1234.00001150886
1233.10697969429,1234.00561158406,1234.00477333912,1234.00216318608,1234.00003754169
1234.38168387813,1233.87281156394,1234.01742683060,1233.99930428835,1234.00006485875
1234.26256024215,1234.22639633807,1233.99050848328,1233.99886467314,1234.00001945911
1234.22595128144,1233.95323898629,1234.00202104835,1234.00178162702,1234.00000924668
1235.20847912285,1234.07225555089,1233.99848685389,1233.99743750126,1234.00006206152
1235.88851400311,1233.80297184829,1234.00715727072,1233.99948278004,1234.00014707850
1233.77623983563,1233.98200907630,1233.97821687802,1233.99895710173,1234.00005124685
1232.01491054178,1233.88679864486,1233.99217246734,1233.99980150922,1233.99997692130
1233.40559156872,1234.18004181513,1234.00725290080,1233.99819843436,1234.00000892367
1233.89449030933,1234.14788348297,1233.99232348994,1234.00208407432,1233.99991279140
1233.69015099949,1233.91796082610,1233.99226167447,1234.00011834691,1234.00006262583
1233.89582993854,1234.09354789315,1233.97749721991,1234.00082846626,1234.00006194716
1234.39259903337,1234.09057645503,1234.00849608987,1233.99991551247,1234.00003131945
1233.33789837802,1233.91033085022,1234.01187123207,1233.99938755325,1234.00003789653
1234.50883348605,1234.18133089011,1234.00651924059,1234.00104729263,1234.00000995932
1234.63800327806,1234.08358289396,1233.99209941672,1234.00025397519,1233.99994802266
1235.57785410037,1234.03345078256,1233.99397966550,1233.99854922472,1233.99992720710
1234.62967863188,1233.93269464414,1233.98895360833,1233.99990189378,1233.99994438512
1233.36709674100,1234.07330885181,1233.99845792384,1234.00104810052,1234.00002763171
1233.30702270880,1234.22834310699,1233.99493354487,1233.99919897747,1234.00001724778
1233.34726148002,1233.84826719623,1234.00236590550,1234.00063388597,1233.99990584002
1233.96750355737,1234.10221877501,1234.00236822320,1233.99999612059,1234.00001702509
1234.23795631727,1234.10186760048,1234.00991305725,1234.00074534429,1233.99991781608
1236.90099010428,1234.15048038896,1233.99474196373,1233.99963761893,1234.00006919014
1233.64708349359,1233.95907823480,1233.99715626888,1233.99940780885,1234.00011112172
1234.39575459124,1234.03694165030,1234.01055040168,1233.99922652537,1234.00002690081
1234.57944951822,1234.23772577007,1233.99508278386,1234.00005616103,1233.99999583597
1233.16832348523,1233.90075480072,1233.98314831640,1234.00066481696,1233.99996741277
1232.90267389546,1234.02458472773,1234.00202117667,1233.99962503186,1234.00015815262
1235.20844147075,1234.09882200674,1234.01772288005,1234.00067764636,1233.99999516185
1234.15542909341,1234.21724635690,1233.99759682910,1234.00022279640,1233.99997679363
1232.36401895515,1233.90035089290,1233.98913961684,1234.00120585793,1233.99995507914
1235.04739107184,1233.96552102349,1233.98237517311,1234.00012169768,1234.00004891342
1233.77010443086,1234.10581116894,1234.00088075482,1234.00116884289,1234.00003888127
1232.29740449882,1233.96656122444,1234.00046515755,1234.00086858564,1233.99990886061
1233.99670256712,1234.02492356007,1233.99553709472,1233.99930073884,1234.00005238426
1233.95041264329,1233.77980955738,1233.98738053762,1233.99911031453,1234.00003988988
1235.53693075603,1233.97245052073,1234.00858316190,1233.99994338571,1234.00012431692
1232.55763214076,1234.12612057403,1234.01456690212,1233.99881472799,1233.99968364705
1235.14193916261,1233.93934649780,1233.98738648267,1233.99982942456,1233.99994935152
1233.42723044435,1234.11268848636,1234.01219985472,1233.99951788832,1234.00000603432
1232.79669169876,1234.11540995025,1233.98215356249,1234.00029093998,1233.99991204690
1232.45098831483,1233.96707603145,1233.99688442869,1234.00052355147,1233.99998755557
1235.06641564878,1233.93548224774,1233.99722003043,1233.99819618396,1234.00003372128
1233.58041624345,1233.89902494443,1234.00974502337,1233.99840330319,1233.99997475300
1234.10053012623,1234.01370501403,1234.02307325109,1233.99997284735,1234.00001965840
1233.33011327404,1234.01817091805,1233.99894529129,1233.99898492560,1233.99988229062
1234.50977545905,1234.15838398887,1234.00284179336,1234.00007599664,1233.99990495072
1234.98453545633,1234.05553997340,1233.99012323454,1233.99820962973,1233.99992734460
1233.27243989863,1233.91977942019,1234.01656750590,1234.00055948931,1234.00001915463
1235.86437203286,1233.91108422403,1234.00379928589,1234.00090258535,1233.99991222499
1233.26319865508,1233.89161052579,1233.98545354262,1233.99962282312,1233.99991412184
1234.43664116340,1234.09900922482,1233.99339833791,1234.00026067710,1234.00003719878
1234.42308871092,1233.92566995885,1233.99191453424,1233.99961953797,1233.99987432127
1233.34503080260,1233.96003191673,1233.98475658343,1233.99819926418,1234.00006904659
1235.51000097302,1233.77191785635,1233.99759732292,1233.99841116202,1234.00000904059
1234.45339025323,1233.98009087358,1234.00239799345,1234.00041061637,1234.00003917246
1235.08968078095,1234.00126502954,1233.98265111019,1234.00164464424,1233.99996773271
1233.40888166403,1234.00737019847,1233.98846837708,1234.00164494506,1233.99998683714
1232.90705612848,1234.05627205077,1233.99767493640,1233.99965193756,1234.00008153187
1233.97358807525,1233.98461670278,1234.02265586825,1233.99874378150,1234.00003437893
1234.75694188669,1233.97331804680,1234.01418817639,1233.99968775069,1234.00003897462
1233.60053239664,1234.05912633839,1233.99814440409,1234.00035107913,1234.00007229362
1235.80315257372,1233.87097131635,1233.97714587681,1233.99923080079,1233.99989079853
1232.76960685981,1233.85941837811,1234.00541323782,1234.00140508442,1234.00005748425
1232.72629380146,1234.14143337448,1234.00538924073,1234.00013458549,1234.00009464979
1234.94596868961,1234.09552406699,1233.98007444695,1233.99948785705,1234.00009312463
1233.27800722080,1233.94930504200,1234.00567830584,1233.99899998152,1234.00021073334
1231.56594055357,1234.17990405350,1234.00321095204,1234.00012970050,1234.00010522489
1233.17795367737,1234.12380010951,1233.99947671216,1233.99967647563,1233.99991284425
1234.12629107460,1234.00137404883,1234.03317804534,1233.99908162359,1233.99998097736
1233.63728646222,1233.88347212088,1234.01017582616,1234.00036159965,1233.99998234093
1235.00421371614,1233.85892914476,1234.01704861453,1233.99865437106,1233.99994888671
1234.81078713606,1234.14076839265,1233.99761935124,1234.00059368879,1233.99998361517
1231.27298723926,1234.05210463043,1233.98669790860,1234.00130588935,1233.99995214947
1234.00219900203,1234.06432814531,1234.01217848974,1233.99887538302,1234.00014547444
1235.42945422458,1234.01202607459,1233.99634856993,1233.99806724242,1233.99993571492
1234.14508061650,1234.08148043075,1234.00353482518,1233.99874026004,1234.00008856902
1235.13883965603,1234.11325939410,1233.99226091477,1233.99986457269,1233.99994764285
1234.21190247648,1234.05354421729,1233.99125793251,1233.99768891355,1233.99999156042
1234.37562149143,1233.81675219469,1233.99746103209,1233.99883950170,1234.00007796754
1233.31699673529,1234.11532963242,1234.00046336632,1233.99958490096,1233.99999936257
1234.10680397444,1233.96484688951,1233.98218283736,1233.99995246009,1233.99991111535
1235.29614190646,1234.11551497595,1234.00219131166,1234.00089406969,1234.00010731009
1233.22981086582,1234.12064442454,1233.99179005291,1233.99889740644,1234.00005915218
1233.47437418494,1234.09022811333,1234.01937665470,1233.99872301069,1234.00012308084
1234.57764862644,1234.00407951806,1233.98322955137,1233.99895835645,1233.99977391057
1231.25273476474,1234.01944215388,1234.01210342391,1233.99946054596,1234.00000697373
1232.95177316992,1233.94099099106,1233.99736541246,1234.00102465694,1233.99993910276
1234.55396786313,1234.09144011717,1234.01239624824,1233.99864840705,1233.99994206318
1232.68930585850,1234.02993324254,1233.99838289499,1233.99836123969,1234.00007307096
1231.66373491648,1233.93657389635,1233.98744508547,1233.99893779977,1233.99994512021
1234.49057694774,1233.96578747712,1234.01837208681,1233.99995717971,1233.99995630391
1236.54874605321,1234.08376821003,1234.00098052146,1233.99950115355,1233.99999611974
1233.61292792414,1234.02821478020,1234.01380070981,1234.00083687096,1234.00010479156
1234.03580018906,1233.90885030747,1233.99217090219,1233.99897623317,1234.00004891161
1233.66329012684,1234.11052380497,1233.98349320453,1234.00130434219,1234.00013583211
1233.96972261282,1233.99528120678,1234.00063303665,1233.99793008739,1233.99997626879
1233.46383158177,1234.08602284506,1233.99902899200,1233.99996201383,1233.99998039004
1234.55484656834,1234.25576514480,1233.99612148783,1234.00186795343,1234.00015024697
1236.61544888573,1234.08396405983,1234.00946968754,1234.00119696404,1234.00001394763
1231.67935316040,1234.08523311352,1234.00304295202,1233.99967024964,1234.00026219942
1234.92972887855,1234.03904605804,1234.00146341407,1233.99908605528,1233.99984171959
1235.12125349499,1233.97989044446,1234.01290365720,1234.00042158522,1234.00001301240
1234.57577725036,1233.97241501511,1234.00891768083,1233.99844361430,1233.99999272071
1232.73656430862,1234.05368948595,1234.00287115162,1233.99959881889,1233.99998080506
1233.06767351982,1233.84281536569,1233.98978358595,1234.00011252178,1234.00002440426
1233.33159290910,1233.97181453618,1233.99352622054,1233.99861766182,1234.00002471202
1234.62231071211,1233.92415639407,1233.99485973031,1234.00029502543,1234.00008079238
1233.02934686971,1233.97321202166,1233.99907140954,1233.99992499204,1234.00001871481
1234.47457930214,1234.12080846025,1233.99285887003,1233.99953028861,1233.99995343642
1232.32188033841,1234.12363498416,1233.99666605990,1233.99960835663,1233.99998494268
1234.47776085412,1234.20965449241,1234.02182505116,1234.00024454378,1233.99993296125
1233.01091135649,1234.08483796173,1233.99408562740,1233.99876146212,1233.99996266653
1234.63447282933,1233.91436168239,1233.98758719246,1233.99856112888,1234.00009645971
1234.54952113186,1233.83316135179,1233.99250541625,1233.99937529686,1233.99997768525
1232.75818109464,1233.98458444148,1234.00045560973,1233.99854341643,1233.99984873359
1234.79496094628,1233.89369617376,1233.98986839845,1233.99908875222,1233.99993244457
1233.07429358093,1233.98888197746,1234.01095935244,1234.00107711639,1233.99994486079
1235.94551847624,1234.01215992778,1234.01123797844,1234.00068813769,1234.00008367491
1233.55914122060,1233.91964879521,1234.00537577132,1233.99986163261,1234.00003038256
1234.04086609096,1234.10201164536,1233.99782644422,1234.00163958803,1233.99987206691
1234.82281282479,1233.95112401965,1233.98939378470,1234.00089936089,1234.00008143585
1233.56730051592,1233.87448235945,1234.00408647029,1234.00030498989,1234.00022768300
1233.78920986140,1234.12244760888,1234.00187859845,1233.99952693087,1234.00006622803
1232.38544559698,1234.00665020562,1233.99074768911,1234.00023145855,1233.99976843480
1234.97642471037,1234.12493723691,1233.98822037786,1234.00003131607,1234.00008771964
1234.24190471454,1234.14440660034,1233.99035411543,1234.00135624741,1233.99990855043
1236.66788001938,1234.00499726661,1233.99330674661,1234.00012353797,1234.00000688951
1235.48454349058,1234.02538817082,1233.99816696372,1233.99977709734,1234.00013586325
1232.07406762741,1234.04025468302,1233.99980370605,1233.99952097145,1233.99997244250
1233.88140173864,1233.92162637877,1233.99411342740,1234.00010586708,1233.99996891175
1234.83637589714,1234.07187481298,1233.99464600925,1233.99947514605,1233.99999995361
1235.17923449893,1233.92998394494,1233.98542769625,1233.99981043102,1233.99991657049
1232.73055998560,1234.08711461090,1233.99382096323,1234.00042045933,1233.99997023963
1234.29643525448,1233.90965919100,1234.00080594537,1234.00078703010,1233.99997585161
1234.57342360030,1234.11914371752,1234.00271998819,1234.00143556352,1233.99966002960
1234.09180915091,1233.98669450095,1233.98656780216,1234.00054305778,1233.99994505516
1233.88615384469,1233.87060726234,1233.98511741882,1234.00090191958,1234.00005653497
1235.13358369476,1233.93792197879,1234.01491693498,1233.99874144368,1234.00008877323
1232.57477038637,1234.15327033393,1233.99526329299,1233.99981654620,1233.99999913253
1233.73465389252,1234.01294798217,1234.00579671078,1233.99926122648,1233.99988178446
1232.74402615093,1234.14895315932,1234.00003016270,1233.99847722436,1233.99994626027
1233.47579919217,1233.95165691708,1234.01006571753,1234.00135670446,1234.00023568592
1233.79124525547,1234.04448013491,1234.01537311188,1234.00084610974,1233.99997842114
1234.33318388055,1233.84558698513,1233.99741473039,1234.00090986538,1233.99992271092
1234.66490734519,1234.05813030790,1233.99026800193,1233.99978303459,1233.99993059357
1234.73874929498,1234.06677641390,1233.99915900778,1234.00153977525,1234.00007473764
1235.25066773883,1234.08061955043,1234.01849228358,1234.00020451151,1234.00003981244
1233.17119460134,1234.04592502748,1234.01478681261,1233.99952409865,1234.00002717774
1233.88653336405,1234.17011995444,1233.98845881308,1234.00067438842,1233.99995789462
1235.89067027655,1234.02262518772,1233.98350426799,1234.00170191064,1234.00004483506
1233.46389222590,1234.20055224646,1233.98617349379,1234.00231283695,1233.99977688787
1234.21588069001,1233.98404069157,1234.00314362162,1233.99987666524,1234.00013598212
1234.23770807940,1234.10337588360,1233.99930827423,1234.00031344389,1233.99995212549
1235.19083306920,1234.16666733272,1234.00230302397,1234.00001326407,1233.99997781677
1233.39700744219,1233.90783298240,1233.98584855264,1234.00142397188,1234.00000727875
1233.47149016905,1234.06582449100,1233.99255112533,1233.99906739000,1234.00000648175
1232.81382127130,1234.07466815023,1234.01494556672,1234.00074227382,1234.00000193324
1234.34053521433,1233.96827434090,1233.98684606427,1233.99831591751,1233.99991614510
1235.87718631099,1234.00196519450,1233.99319810125,1233.99921303486,1234.00009539049
1233.09987473150,1234.05115443134,1233.99360962537,1233.99852314589,1233.99994045628
1233.03157002971,1234.14570233888,1234.00709231639,1233.99970160961,1234.00011031462
1233.77664549948,1234.16286880742,1234.02040007835,1233.99999974601,1233.99994947581
1233.38914182141,1234.02877606728,1233.99776900528,1233.99995142250,1233.99993891169
1234.50691441047,1234.07536444514,1233.99620336318,1233.99943966807,1234.00014606330
1233.98386274753,1233.93736133663,1233.97703724071,1234.00024685050,1234.00001082858
1234.24264895628,1234.01019589834,1233.99971795252,1233.99998794303,1233.99984108969
1233.23503827372,1234.04248456090,1233.99072628176,1234.00117872495,1234.00003786319
1234.65702272510,1233.98887448235,1233.98615016613,1233.99937444867,1234.00006070228
1233.27359209010,1233.96843729093,1233.99106192659,1234.00019813749,1233.99995678155
1233.73933339740,1233.92637602255,1234.02442499786,1233.99959913481,1234.00010327484
1235.66396433189,1233.97259136217,1234.02089982655,1234.00091631700,1234.00002204162
1232.67626435880,1234.17118338723,1234.01017119827,1234.00084016080,1234.00005173800
1233.85107488187,1234.08170856981,1233.99860082863,1234.00157416130,1233.99991851248
1234.45022663025,1234.14584213296,1233.99231579798,1233.99889828986,1233.99992403598
1233.58137815788,1234.00811903560,1233.99330387179,1234.00054847572,1233.99977652644
1233.52812516300,1233.86873062175,1233.99859546741,1234.00020813642,1233.99993067976
1232.61147898093,1233.91636302981,1234.00980264006,1233.99925323666,1234.00008261564
1234.46221403089,1234.15090183224,1233.99908806449,1233.99950217917,1234.00006732241
1234.09008015581,1233.96478313230,1233.99927919384,1233.99993184882,1234.00016038093
1231.86968955152,1234.13373396916,1233.99606195582,1233.99995052494,1233.99997307046
1234.44444121086,1233.85070628852,1233.99065861941,1233.99920794715,1233.99998510635
1233.11441511907,1233.98293301537,1234.00400354226,1233.99947754181,1234.00014056086
1234.21465878969,1233.91381966609,1234.03131669422,1233.99970640684,1234.00010342123
1233.67212226342,1233.92290706176,1233.99583724414,1233.99948303530,1233.99992424833
1235.07986790040,1234.20360804317,1234.00540952517,1234.00090580384,1233.99981820680
1233.17641798594,1234.01021824079,1233.99310168930,1233.99948358445,1234.00007886922
1233.05936789415,1234.04671549375,1234.01704170209,1234.00154985030,1234.00005128803
1233.87822306382,1234.09045045295,1233.99907123812,1233.99959649122,1234.00003425686
1235.19022832951,1234.03855505945,1234.00192192852,1234.00109304462,1233.99990018220
1234.20888135960,1234.19351587217,1233.99271113510,1233.99955948399,1234.00006759549
1232.88301618173,1233.96763743535,1233.99752409173,1233.99950641930,1234.00013495457
1234.08611923748,1234.12625093917,1234.01242666924,1234.00072408575,1233.99997746511
1233.36671123810,1234.12871687542,1233.99808385667,1234.00059548211,1234.00007371213
1232.27434563093,1234.05932827109,1234.01100859869,1233.99938616806,1234.00004706078
1232.84137066255,1233.89196140066,1234.00990352832,1233.99800665658,1233.99991499414
1234.07942646427,1234.08062804683,1234.01138760268,1233.99921245400,1233.99989940987
1233.10229587008,1234.16855397943,1234.00758331230,1233.99902153419,1233.99991293275
1234.36189079057,1234.12270574593,1234.02718436326,1234.00079468573,1234.00023242753
1235.28277530893,1234.22120248343,1234.00144768021,1234.00165115765,1234.00008068179
1234.03448558398,1233.91491176554,1233.99442543322,1233.99991139684,1234.00005541912
1232.14631702030,1233.95162733758,1234.00903216261,1233.99966875269,1233.99984360214
1234.89932281309,1234.05133262280,1234.00316060481,1233.99866302788,1234.00009112085
1233.63227272350,1233.91704418049,1233.99903582481,1234.00150839034,1234.00012893886
1233.10050475946,1234.12998506035,1233.99626241314,1234.00052510958,1233.99996139468
1233.96313461901,1233.92838796386,1234.03034381548,1233.99933011636,1234.00011596031
1233.98081141316,1233.77786027275,1233.99937280647,1233.99957667907,1233.99998364448
1233.92751830600,1233.95847123315,1233.98878157137,1233.99918303149,1233.99995124651
1234.89607505154,1234.07608332568,1233.98567880330,1233.99833985378,1234.00000059933
1233.14081487048,1233.93576550816,1234.00299582162,1234.00004046076,1234.00004286210
1233.71034736816,1233.92418493672,1234.00838762393,1234.00040899644,1234.00003958047
1234.74811831897,1234.04683892493,1233.99849047495,1234.00133917642,1233.99969103301
1234.45436586477,1233.94448149252,1233.98826578254,1234.00056043438,1233.99981768218
1232.57179590870,1233.95476392355,1234.00683308330,1233.99972573398,1233.99986645856
1232.69546063249,1233.88909451042,1234.00350492213,1234.00096708100,1234.00011032755
1233.69397741426,1233.96491866819,1234.01545932931,1234.00019572482,1233.99994552888
1233.94232163595,1234.07075656917,1234.01949388064,1233.99963986084,1233.99995680730
1233.81015156016,1234.29187629168,1233.99564836917,1233.99934133022,1234.00005004432
1233.91908926643,1233.86586185544,1233.99287661391,1234.00055667886,1234.00003936810
1233.04722714868,1234.09186148170,1234.01764236631,1234.00178869598,1234.00015640552
1233.53222390489,1233.96341887601,1233.99590544422,1234.00095805319,1233.99995891451
1234.49347428636,1233.97847215935,1233.99316259678,1234.00021178367,1233.99986860455
1234.45750079778,1234.06997085074,1234.00974566785,1233.99960807004,1234.00005525784
1234.11338912338,1233.84016423854,1233.99021778674,1234.00054740281,1233.99999498492
1233.29692497687,1234.11128472593,1233.98645310332,1233.99941896894,1233.99977524165
1233.31173843008,1233.87446084500,1233.99077350256,1233.99995958725,1234.00003135929
1233.79595397398,1233.95547318123,1234.01107568617,1233.99932391274,1234.00006851003
1233.68008627434,1234.11372212367,1233.98589157108,1233.99958123920,1234.00005334050
1234.42174113728,1234.17814986055,1234.00011301029,1234.00048574889,1234.00003927759
1232.44686521026,1234.06544036422,1233.99768848534,1233.99834110139,1234.00024596803
1235.51589455740,1233.95252962101,1234.01479831683,1234.00065403409,1234.00008414712
1234.09628248068,1234.04470514544,1233.98721680947,1233.99777563556,1233.99994156005
1232.66697781036,1234.02452308578,1233.99254216489,1233.99999903788,1233.99992935066
1234.71717915368,1234.10009179101,1234.01368266780,1234.00114790505,1234.00000281310
1233.88990134150,1233.83366045898,1234.00698373781,1233.99988663808,1234.00005168886
1235.65723441434,1234.17503239075,1233.99233264138,1234.00137699780,1234.00014908721
1235.15089940698,1234.00803000328,1234.00770607369,1234.00196828092,1234.00005235836
1235.75832260313,1234.02399993579,1233.98209423780,1234.00036620011,1234.00003385237
1234.63696274357,1233.99442982759,1234.00399969035,1233.99922508859,1233.99998917827
1233.92607250114,1233.86551738981,1234.01306075005,1234.00086158611,1234.00019964265
1233.54134013306,1234.04227553150,1233.98671100507,1233.99848548928,1234.00017722903
1234.39259925415,1234.06194752173,1233.99989931033,1233.99891346374,1234.00010286425
1233.37834077921,1233.90813603446,1233.97917342004,1233.99956978549,1234.00011294860
1234.28646407250,1234.11677360470,1233.99801549924,1233.99996385370,1234.00016001314
1234.48410679470,1233.86910366484,1233.99754768352,1233.99958616533,1233.99993563639
1235.14077697169,1233.94449265196,1233.98802841600,1233.99914166971,1233.99980103614
1234.39986324525,1233.79839233895,1234.00057057229,1234.00067509645,1233.99991724274
1234.16823176135,1233.96079392606,1234.02117585885,1233.99765089275,1234.00009789915
1233.41723590399,1233.92895085519,1233.99843058225,1234.00116294369,1234.00009488341
1232.92485375814,1233.92011197825,1233.98941115122,1234.00083332579,1233.99999444641
1234.09402261365,1233.78786325766,1233.99166269513,1233.99918442283,1234.00008058115
1231.28452248156,1234.01513628877,1233.99767271760,1233.99795581481,1234.00009769827
1236.16995316691,1234.03079799563,1233.98240951922,1234.00028889603,1234.00007920428
1234.31773083468,1234.09839330491,1234.00539767245,1233.99907478100,1233.99996524377
1235.54217662923,1234.03710014056,1233.99556876299,1233.99884054112,1234.00006769259
1233.26872241654,1233.97580220037,1233.99988457064,1234.00144826295,1233.99995162458
1234.25043507640,1234.07877625067,1234.00830416316,1234.00255032378,1234.00005462074
1235.49814305465,1234.01813568728,1233.99489600974,1233.99940846902,1234.00009669800
1236.07780373823,1234.08858260010,1233.99387099506,1234.00000899048,1234.00018047718
1234.18467584929,1234.16059142112,1234.00492242599,1234.00055656759,1233.99994246571
1233.89364185701,1234.18340659410,1234.00089237060,1234.00077217630,1233.99983070419
1234.50404818173,1233.89752278506,1233.99630065696,1233.99900013063,1234.00009598153
1234.65283319447,1233.89541891123,1233.99377890902,1233.99875982363,1233.99990294223
1234.75221959009,1233.89359404395,1234.00556013584,1234.00239857674,1234.00008179043
1235.80389931289,1233.99724445982,1233.98878781934,1234.00091055160,1234.00006857607
1235.08945484038,1234.04278230442,1234.00020083935,1234.00008844270,1234.00007638168
1233.34003252971,1233.88557502334,1233.99358342213,1233.99965711028,1233.99982882069
1235.35174364404,1234.11488471659,1234.00622049374,1233.99872501497,1234.00000205532
1234.62351081898,1233.89824910413,1233.99912998862,1233.99873221049,1233.99994472825
1235.82189140438,1233.99080441707,1234.00138337787,1233.99996859921,1234.00007022540
1234.62660237666,1234.05994386010,1234.00573331600,1233.99985172426,1234.00010718286
1234.24041768260,1234.01201718907,1234.00466512740,1234.00007489471,1233.99989873940
1233.42208173031,1234.12283479198,1234.00304501646,1234.00115180181,1234.00012757664
1234.85805456511,1234.12395927366,1233.99886100452,1234.00024782404,1234.00003405323
1233.54626485581,1233.95613756684,1234.00672064482,1233.99928394955,1233.99996854984
1233.32463641518,1233.96073231010,1233.99423214221,1234.00207023272,1233.99996883843
1232.41170456628,1234.01510265185,1233.98458311293,1233.99907585648,1234.00002599192
1235.37310761136,1233.86499509799,1234.01890624755,1233.99863238640,1233.99978962562
1233.80676311567,1233.98481615455,1234.00437229308,1233.99999228059,1233.99992613818
1233.97121035549,1234.19959429255,1233.99449148091,1234.00094245214,1233.99997066247
1234.46391135054,1233.95694307969,1234.00731621175,1233.99927670604,1234.00008268337
1235.68476481762,1234.20664089825,1233.99785012040,1234.00180211418,1234.00006753370
1233.22329766604,1234.04555264836,1234.00926084225,1234.00223999539,1233.99991459622
1232.77221908626,1233.93970073578,1234.00320898057,1233.99949434031,1233.99983831574
1233.64098883487,1233.84664381632,1233.99336331896,1233.99847744573,1234.00013224123
1234.51186690975,1234.02923878488,1233.99452790233,1234.00113188620,1233.99993591675
1234.42186083923,1233.94072565202,1234.00016420369,1234.00040820701,1234.00002823917
1232.40026943215,1233.94579071211,1233.99332661160,1234.00039068113,1233.99989344671
1234.09564996735,1233.99199534137,1234.01348581090,1234.00042090368,1234.00000953670
1235.27508035097,1234.12835496925,1234.01088784735,1234.00077733867,1234.00015820267
1232.73171851674,1233.95480321279,1234.00842502130,1234.00008843290,1234.00002462779
1235.73537088422,1233.96964939185,1233.99995200325,1234.00087620451,1233.99987868360
1234.36431354179,1233.93010423536,1233.98644021402,1233.99980887646,1233.99996636802
1232.62773907675,1234.00724741385,1234.00563851980,1234.00282397782,1233.99995792716
1233.91888595416,1234.06065444333,1234.01400121793,1233.99787967428,1234.00009489267
1233.42681069137,1234.06725058881,1234.00115240647,1234.00144329402,1233.99996845394
1233.69154336402,1234.04476366105,1233.98718883238,1233.99992518025,1234.00003876119
1233.86327971131,1233.96762591753,1233.99987734086,1234.00053959159,1234.00000413718
1233.97287347368,1233.92200269061,1233.98689781186,1234.00022098098,1234.00011135298
1233.50807035474,1234.26096135094,1233.99759061471,1233.99953054164,1233.99990243590
1233.41120208652,1234.10446320146,1234.00256603603,1233.99942554400,1233.99996350424
1233.34372181196,1233.90344328889,1234.00153812358,1233.99977932368,1234.00003766943
1233.31760330447,1233.94525370527,1233.98765459705,1234.00112360889,1234.00000609122
1234.87211891948,1234.04389014341,1234.00092416022,1233.99973714395,1234.00010842581
1233.40630349840,1234.09165117629,1234.01303956689,1234.00091068980,1234.00011020263
1235.31543765322,1233.97040097176,1234.00197743763,1234.00063969172,1234.00021691880
1234.25859330134,1233.96608607775,1233.98688649696,1234.00042095872,1233.99994894575
1233.58989026905,1234.04784660824,1233.98779748006,1233.99817440372,1233.99985566921
1235.10041003448,1234.00322218550,1234.00556217722,1233.99970777420,1234.00009096943
1235.31803211275,1233.91165689660,1233.99022896934,1234.00017165181,1233.99999439882
1234.47527225690,1233.89452165719,1233.99618926802,1234.00016821731,1234.00006830036
1232.98000597103,1233.85174303855,1233.97250588979,1234.00162555736,1234.00014728156
1234.17656774201,1234.16959779085,1233.98716542761,1233.99982108002,1234.00002564983
1234.41073575219,1234.14952224254,1234.00287361781,1234.00076614468,1233.99990195599
1235.94349380029,1233.97186614658,1233.99833788628,1233.99966555314,1234.00005225502
1232.02028577491,1233.87904691494,1233.99733239291,1234.00058480271,1233.99992319991
1236.53984252338,1234.06858183801,1234.01334643310,1234.00055342683,1233.99992213223
1234.86376011138,1233.97877933637,1234.01358203454,1234.00066407616,1233.99992067521
1235.16298491821,1233.92523325102,1233.99967631184,1233.99983173881,1234.00012354052
1232.74535462002,1233.97484022586,1233.99482289414,1234.00158096914,1233.99993576872
1234.57993664806,1234.04647788997,1234.00059047435,1233.99840966895,1233.99991740277
1234.23266000294,1233.89738553513,1234.01523002118,1234.00019966814,1234.00010403068
1235.58613281065,1234.00085340317,1233.99752977335,1234.00012864282,1234.00006329383
1232.81477494392,1233.91860587593,1233.99614001252,1233.99981367703,1233.99987352741
1232.21999242652,1233.90201771819,1233.99410936777,1234.00076118199,1233.99997964923
1235.50856227882,1233.99555575543,1234.00591452660,1233.99890662804,1234.00009543253
1232.98108907724,1233.97689271326,1234.00317235936,1234.00088429265,1233.99994512288
1234.87582187030,1234.07661948508,1234.00663412181,1233.99988428186,1233.99993250036
1233.66305189901,1233.84334034225,1233.98989697473,1233.99850811116,1233.99981135495
1235.10388948930,1234.10602560012,1234.01034941097,1234.00054231300,1234.00030525006
1233.11401358670,1233.88677338967,1233.99819860088,1234.00080305473,1234.00001905255
1233.22829904286,1234.11011376595,1234.00986687756,1234.00163336885,1233.99987813849
1234.70331580918,1234.10307095513,1234.00433036189,1234.00056895104,1234.00001072791
1233.32419771947,1234.09634454783,1234.00302680500,1233.99951433796,1233.99998677401
1232.56054011739,1234.04144024841,1233.99602414138,1233.99936502458,1234.00003780588
1234.57981131178,1233.95649843163,1233.99116192517,1234.00052705731,1234.00000577250
1233.68517150996,1234.05180978450,1233.98767392117,1234.00012864558,1234.00014291373
1234.24563373980,1233.93117078595,1233.99321100815,1234.00085175116,1234.00010556469
1233.88372043943,1233.85735878052,1233.97745419235,1233.99969298291,1234.00011719749
1234.06948655123,1233.94277144281,1234.00407013296,1234.00021847787,1234.00002062666
1233.78182372532,1234.07619518892,1233.98966950487,1233.99919799749,1234.00018070129
1232.49147437740,1234.03519801731,1233.99470790982,1234.00029774930,1234.00013328478
1233.28391602729,1233.91048195395,1234.01240793139,1233.99875060655,1234.00007627557
1235.90722408494,1234.12087016197,1233.98519362323,1234.00003910732,1233.99993177301
1235.28081534143,1233.92898880987,1233.98952362279,1234.00050349375,1233.99995520857
1234.67234561780,1233.94120653064,1234.00166271804,1233.99993484649,1234.00002820049
1232.95144583788,1233.92293289784,1234.01663666581,1234.00079097064,1233.99996128988
1234.06526820903,1233.98778762692,1233.99808020100,1233.99840217532,1233.99999654454
1231.93760960022,1234.04817390193,1234.01236041328,1234.00127793116,1234.00021988194
1233.57972472430,1233.94346738813,1233.99725426538,1233.99806720299,1234.00012490751
1232.48067113048,1234.13642278198,1233.99239514112,1234.00055213727,1233.99991499213
1234.05483242126,1234.05708925152,1234.01507725725,1233.99810478552,1233.99993219837
1234.62182987632,1233.96537991527,1234.00271544816,1234.00103784626,1234.00013548849
1233.79782465164,1234.00063941325,1234.00811143078,1233.99898225269,1234.00007162345
1232.67070718441,1233.90324087828,1234.00197823458,1233.99998426348,1233.99993124300
1233.60180336587,1233.86762356969,1233.99085034347,1234.00004607778,1234.00005984718
1233.69626359136,1234.03535640993,1234.00528255333,1233.99970383282,1234.00001460345
1234.99496049639,1233.93377979436,1234.01539660440,1233.99927174757,1233.99991060430
1233.69242201130,1233.97503793433,1234.00283707668,1233.99870601285,1233.99996151437
1234.37625781397,1233.88241394046,1233.98950511036,1233.99956599265,1233.99995254369
1233.79494332134,1233.88255371968,1234.00731827661,1234.00002775358,1234.00014441404
1233.35801288555,1234.02418150472,1233.99144239390,1234.00138588942,1234.00011161937
1232.58199628957,1233.93892773435,1234.02164846785,1234.00111163408,1234.00013133806
1233.11484818531,1233.90178573032,1233.99398084260,1233.99957133859,1233.99998448426
1233.91755152918,1234.17214983516,1234.00590913588,1234.00120448051,1234.00007005488
1234.20298983051,1234.01297293327,1233.99372228645,1234.00025535222,1233.99984123869
1234.86341348157,1233.99148365652,1233.99096518706,1233.99902971644,1234.00010202881
1231.67033513848,1234.09495443907,1234.02185690633,1233.99948837198,1233.99994930723
1233.42310605331,1233.97212776581,1234.00620012321,1233.99845614306,1234.00000048553
1233.53800042170,1233.84900400644,1233.98970852389,1234.00152095089,1234.00010004145
1234.80502185462,1233.98137333856,1233.99637503423,1234.00210111159,1233.99996604288
1234.69288321344,1233.94581927767,1234.00146648837,1234.00002840238,1234.00013631375
1235.29290823766,1234.00249011343,1234.02048005610,1233.99968879006,1233.99993364272
1235.01395438779,1233.98653401377,1234.01408114859,1234.00156869556,1234.00003724281
1232.60607797230,1234.04035208190,1233.99506948011,1233.99956183032,1233.99995886944
1234.36573578339,1234.00205935054,1234.00734583257,1234.00040368968,1234.00010437227
1234.11562391207,1234.03938559113,1234.00272401119,1234.00117656986,1234.00014267165
1232.95348899177,1234.02261032792,1234.00147179522,1234.00161134393,1234.00013939387
1232.18185408290,1233.93943787986,1233.97555404352,1234.00060376151,1234.00000901933
1234.31709964471,1233.96329035912,1234.02452882674,1234.00179894417,1234.00007118027
1235.15917999525,1233.98652473935,1233.99182052856,1233.99986746117,1233.99986841046
1233.00556644514,1233.99425059845,1234.00521653666,1234.00002733521,1233.99992362770
1233.82378508809,1233.99956655115,1234.00883895804,1234.00026980221,1234.00011206615
1234.55611897058,1233.88917189461,1233.99869475596,1234.00211987441,1233.99991630911
1235.03289018196,1233.65919984661,1233.99808985501,1233.99944085615,1234.00001712006
1233.39302547884,1234.06164904320,1233.99272114991,1234.00070097372,1234.00002608466
1230.95233788822,1234.04669324775,1234.00985042724,1234.00060592131,1233.99982191503
1231.91776017796,1233.95961686366,1233.97919593342,1233.99894188563,1234.00008078231
1234.05750877495,1234.11348718236,1233.99258635839,1234.00030927444,1234.00005239618
1233.35311338255,1233.98097955836,1234.00579998762,1234.00058880190,1234.00000748009
1234.11272998645,1234.05159697059,1234.00196234718,1234.00086513532,1233.99996485140
1234.58399245609,1234.18206039380,1234.00459116311,1233.99926020264,1233.99995204896
1234.29066215529,1234.05435429462,1234.00950548518,1233.99923762442,1234.00017684667
1235.03597731936,1233.95094156954,1234.01148800350,1233.99801534975,1233.99997088363
1234.44192460133,1233.87067766259,1234.00975256534,1234.00098359413,1234.00008477576
1234.33430174185,1233.84586381989,1233.98446233895,1234.00110239365,1234.00009480752
1232.15232194101,1234.01755363620,1234.00327730469,1233.99832850368,1234.00004629721
1233.72303821873,1233.83186558165,1233.99548940146,1233.99983949130,1233.99990582056
1234.39401827655,1234.21400608297,1233.99318666459,1234.00114001585,1233.99994812870
1234.78789609509,1233.88585405081,1234.00981295809,1234.00012093594,1233.99997308814
1233.62588909932,1234.00590585832,1233.98582906517,1233.99958459730,1234.00001539876
1234.61013983206,1233.94165337078,1234.00000991186,1234.00203061467,1233.99999284963
1235.34948638749,1233.90308265762,1233.99522646375,1234.00101923226,1233.99995087937
1233.63725452091,1233.80607885241,1234.00580663179,1233.99990926810,1234.00012589408
1234.11995511916,1234.06175314901,1233.98031158309,1233.99853535492,1233.99994540362
1232.73867567041,1234.08084268631,1234.00606687639,1234.00029670836,1234.00008657990
1235.05940900076,1234.00477714060,1234.00445683995,1234.00020394108,1234.00003541348
1233.66786214679,1233.91275559071,1233.98819018659,1233.99879375626,1234.00007596119
1233.54067582811,1234.02667580431,1234.01228525056,1234.00045465122,1234.00018023008
1234.06428219134,1233.77427552827,1233.99248411985,1233.99855808159,1234.00010102947
1232.52577520425,1234.11949769314,1233.99976935764,1233.99993896817,1234.00015762020
1235.07008908421,1234.03116608283,1233.99769058743,1233.99916219028,1234.00005208360
1235.22215228540,1234.14281078526,1233.99913077767,1233.99839149760,1233.99991802731
1234.16853509684,1233.99132412131,1234.00313606849,1234.00010332304,1234.00007322042
1233.93039733958,1234.06144122240,1234.01524588192,1234.00041230701,1234.00009196786
1235.32076439543,1234.10096431468,1234.00932390901,1234.00114381907,1233.99986426229
1235.81204255229,1234.13931703602,1234.01078315777,1233.99998412401,1233.99997490124
1233.96630896764,1234.03400743160,1234.00826353196,1233.99925272092,1234.00009076221
1232.53761069927,1233.99222246722,1233.98121408733,1233.99993020347,1233.99995299310
1235.44953470188,1234.06877826246,1234.00519015985,1233.99809507605,1234.00025393454
1234.87991652539,1234.10804037357,1233.98949458707,1234.00168129778,1234.00000900972
1233.88889788013,1233.92533508540,1233.98658215355,1234.00014749070,1233.99985280221
1233.24907565247,1233.96744742463,1234.00206937956,1234.00039614543,1233.99988411619
1234.54157620375,1234.11151179217,1233.99763013340,1234.00058738244,1234.00001565437
1233.22169436127,1233.98626839381,1233.98962058111,1233.99906123881,1233.99993692316
1232.75284375724,1233.93098933256,1233.99149333710,1233.99957761367,1233.99996917595
1233.13318363142,1233.89353317726,1234.00343047173,1234.00013790999,1234.00014786313
1234.78317939532,1233.88464651767,1234.00273568790,1234.00017082019,1234.00003840216
1232.31045378329,1234.01492455315,1233.97622359601,1234.00035076249,1233.99991817816
1235.76298617224,1234.01331945526,1234.00511809312,1234.00033256747,1233.99998016216
1234.63367558063,1234.27448982535,1234.00409714818,1234.00103700710,1234.00003811747
1235.33141853844,1234.01644023480,1234.00512553964,1233.99904867082,1233.99990317253
1233.25189510171,1234.07425089004,1234.01163290730,1234.00015871836,1234.00001968607
1234.42692885004,1233.97699171345,1234.02132876767,1234.00047405807,1233.99990291209
1236.13274900655,1234.05379937013,1234.00997585071,1233.99943577761,1234.00010946291
1233.12155797991,1234.06164640545,1234.03043005954,1233.99986931270,1233.99992089312
1233.51616785341,1234.00377070607,1233.99715935543,1233.99727890937,1233.99993643481
1234.42715731094,1233.94967160571,1233.99822685713,1234.00030801692,1233.99994376862
1233.39328559853,1233.99029119872,1233.98817716875,1234.00188707827,1233.99989364148
1234.18374291171,1233.79830618106,1234.00539674251,1233.99950079388,1234.00013140360
1235.09964366425,1234.03468082015,1233.97835657009,1233.99914391903,1233.99990039978
1234.46503121242,1234.00773758849,1233.99019032490,1233.99984022638,1234.00014845904
1233.56522265090,1233.93315380966,1234.02208150731,1234.00090363736,1234.00003350203
1234.12335493290,1233.99288142743,1234.00187117376,1233.99929214490,1233.99997941356
1233.12209479058,1234.12357967745,1234.00676617373,1233.99929382907,1233.99995266556
1235.34302525862,1233.82273365319,1233.99512913845,1234.00174940298,1233.99990122061
1234.90951046346,1233.89329572519,1234.01402647790,1234.00053219940,1234.00006065534
1233.10959010497,1234.02245960566,1233.98241423230,1234.00125216338,1233.99990112270
1233.80063687745,1234.15716742060,1234.01064183395,1233.99887637879,1234.00007096029
1234.24031672427,1233.86307773766,1234.00919051047,1233.99927605989,1233.99997900953
1233.79910653706,1234.03620747090,1233.98795201115,1233.99797378034,1234.00006719393
1233.79724326129,1234.04764005579,1233.98457223824,1234.00021899620,1233.99989941745
1233.88208438664,1233.88382313775,1233.98431016754,1233.99975626648,1233.99997505256
1234.64516828109,1233.93566347429,1234.00431786812,1233.99886390454,1234.00012809421
1233.71730149952,1233.88367514417,1234.00243150392,1234.00034500740,1234.00021042050
1232.88277221878,1233.91394396908,1234.00448949413,1233.99948943768,1234.00013150761
1233.62599430634,1234.05706668663,1234.01811083727,1233.99962455993,1233.99989375432
1233.31604133250,1234.07288778260,1233.99555471756,1233.99948609511,1233.99981994649
1235.26489147046,1233.98665575795,1233.99301721006,1233.99982267708,1234.00001667261
1234.40270454003,1234.13787296344,1233.99634806717,1234.00043295460,1234.00011068278
1233.22392819233,1233.85548341356,1233.99397750973,1234.00137119065,1233.99988132994
1234.01432315956,1234.01014440708,1233.99753221147,1233.99975199981,1233.99999959788
1233.98222033941,1234.04077931980,1234.01248125340,1233.99939208439,1233.99995352960
1234.70055742989,1234.04397917427,1233.99876802537,1234.00153747068,1233.99999231504
1232.50608971740,1234.10104708237,1234.01254854103,1234.00088779771,1233.99991567086
1234.55125023940,1234.09512714487,1234.00219564944,1233.99711132005,1234.00006895589
1232.75803004645,1234.01510972710,1233.99100580761,1234.00005853290,1233.99996098864
1233.51826297844,1234.09093727955,1234.00433627353,1234.00077384627,1233.99998172457
1235.63060420515,1233.81399352846,1233.99156889785,1234.00016130956,1234.00002662295
1234.24168705746,1234.08551973675,1233.99185718367,1234.00062970350,1234.00021182052
1234.44671754480,1233.96591694588,1234.00428802821,1233.99968854367,1234.00014403619
1234.47536470152,1233.91816304855,1234.02036252566,1233.99898798858,1234.00008536840
1234.27170773101,1234.02187564005,1234.00794303158,1234.00118342800,1234.00000488829
1233.68441575320,1233.90652780359,1233.99232034552,1233.99903003062,1233.99994194955
1232.71315499030,1234.12956120911,1234.01460223438,1233.99884023414,1234.00026796786
1232.80380947753,1233.89121171764,1234.00895699316,1234.00077389773,1234.00020003892
1236.29989364067,1234.01094519126,1233.99527061046,1233.99954005605,1234.00021072641
1234.53806470259,1233.89044451674,1234.01402155939,1233.99785450366,1234.00005877047
1234.51265674334,1234.14169014114,1233.97848769911,1234.00017253589,1233.99995593207
1232.82786783823,1233.88551968159,1233.99408647343,1234.00122499678,1233.99996602938
1233.19582541938,1233.98231912201,1233.99318813909,1233.99871200471,1234.00001901925
1234.07636276627,1234.12260502843,1234.00741905648,1234.00030998114,1234.00017328638
1235.19831518372,1233.83511283068,1233.96995081263,1233.99876219794,1233.99989416981
1234.99269290274,1234.08113326821,1234.01288568497,1234.00064560544,1234.00012398286
1234.50120474079,1234.05921591188,1234.00528480357,1233.99939159694,1234.00000324103
1235.11216386562,1234.01304011738,1233.99758196843,1233.99897486241,1234.00005882887
1234.37170006911,1233.99254317308,1233.99352458744,1234.00045309284,1233.99980082895
1234.73549704159,1233.95331635273,1234.00736068215,1233.99962540248,1233.99984638705
1232.95780279629,1233.89731775021,1234.01171331136,1233.99946361828,1234.00015281376
1234.43921730204,1233.98846699635,1234.02265112692,1233.99867272459,1234.00016223636
1232.96811783671,1234.11560910576,1233.99030061884,1233.99910537858,1234.00016128696
1233.94048720378,1233.80141211780,1234.01012179549,1234.00036649282,1233.99979829470
1233.58887474467,1233.84904382760,1234.01469283521,1234.00107307234,1234.00000810883
1232.03398272617,1233.70076556016,1234.01293126949,1234.00096166996,1233.99993683461
1234.12302157167,1233.92600815036,1234.00595388854,1233.99959079104,1233.99995822839
1234.97031208038,1233.94429782285,1233.99989924535,1234.00115805291,1234.00011734925
1233.45039794122,1233.90153631680,1234.00569186754,1234.00026225978,1233.99990604496
1233.99092143203,1233.81157382272,1234.01838359280,1234.00011941400,1233.99983198961
1233.08656531567,1233.93218341909,1234.00231699788,1234.00073619386,1234.00002984428
1234.38545761557,1234.00374739240,1233.97860937360,1234.00021841511,1233.99987323688
1234.36692605021,1234.03337932117,1234.00279336154,1233.99975480031,1234.00002935101
1232.97412190415,1233.98503623235,1234.00407302657,1233.99953174050,1234.00014700546
1233.27852238784,1233.82499165266,1234.01767621704,1234.00032968164,1234.00008685878
1234.48303840659,1234.16272545525,1234.00623548103,1233.99931545256,1233.99985867390
1235.55859908676,1233.97418837001,1234.00762217981,1233.99984093001,1233.99992068333
1233.37235980557,1234.03433911686,1234.01999791372,1233.99936513842,1233.99993804376
1233.62770541563,1234.02779347092,1234.00019642510,1233.99799961798,1234.00006341227
1234.55588303607,1234.08940202540,1233.99898831572,1234.00047185219,1233.99993360081
1233.10417839544,1234.17140446049,1234.02368267417,1233.99954406348,1234.00019759560
1233.50990025736,1234.03196616715,1234.01037731776,1234.00108375559,1233.99999469605
1232.91052806782,1233.98470699631,1234.01384891177,1233.99873741373,1233.99989395803
1236.01111657257,1233.99059331855,1233.99955816965,1234.00358165406,1234.00003430442
1235.17325078268,1234.06061904094,1233.99834301426,1234.00062420800,1234.00001406649
1233.36001147183,1233.88214159580,1234.00604639430,1233.99864873886,1233.99982837442
1233.07476886169,1233.90566607202,1234.00064282989,1233.99928778279,1233.99999636298
1233.50375568948,1234.00152284316,1234.00262399601,1234.00026249971,1234.00007465445
1233.70087630818,1234.09186171175,1234.00071922068,1233.99969764623,1234.00003832101
1234.95391191357,1233.95928345536,1234.00249424407,1233.99964579242,1233.99993088297
1234.98270986360,1233.92387991556,1233.99576045261,1234.00079730866,1234.00000317201
1234.71744434287,1233.97189940677,1234.00411453091,1233.99936988387,1233.99994295546
1234.47701275179,1234.09378369650,1233.99732121647,1233.99867345327,1233.99996825158
1233.79145182961,1234.12940186117,1234.00012354863,1233.99961341668,1233.99993250755
1232.81827612614,1233.94201127370,1233.99216419325,1234.00078234388,1233.99997236340
1233.47745986454,1233.94314568177,1233.99331488288,1234.00003227765,1233.99988519608
1233.64170456513,1234.05682283553,1234.00794482445,1234.00155833683,1233.99998181442
1234.82140873415,1234.01107070013,1233.99902432374,1234.00036422711,1234.00012224520
1233.02555362840,1234.00788495119,1233.99888945747,1233.99997252690,1233.99990168738
1233.42687499483,1234.03866518246,1234.00046935111,1233.99965195808,1233.99993425187
1234.68812151314,1234.02258826176,1234.01007825906,1234.00036418680,1233.99995655952
1233.90748883576,1233.85042728212,1233.98357484215,1234.00197337802,1234.00003068242
1235.85677097610,1234.11529047062,1233.98984553272,1233.99952420418,1234.00006020826
1233.14255061848,1234.01524324723,1233.99575517385,1234.00028330587,1234.00000636008
1234.67127890726,1234.07269082202,1234.02072492509,1233.99945123664,1234.00001876076
1231.63501950742,1233.84015400112,1233.99587481947,1234.00083429953,1234.00006690350
1235.02382146226,1233.96129843271,1233.98396919921,1234.00031430981,1233.99997093263
1234.19567473152,1234.18720565783,1233.99181630097,1233.99842187175,1233.99997867328
1233.38822472284,1233.86521267896,1233.99141248225,1234.00129726517,1233.99994372611
1234.19834764480,1234.08338402792,1233.98162363549,1234.00021800503,1233.99995942026
1232.64329776349,1234.18030730226,1233.99970741045,1233.99828660385,1234.00000571063
1234.38042262935,1234.01284140459,1233.99797001559,1233.99901297521,1233.99993817206
1233.41429029472,1233.90802975115,1233.98358778343,1233.99865568279,1233.99997217516
1235.28757228200,1233.86654447742,1234.00139094357,1234.00005358145,1233.99997204179
1232.47813309553,1233.98123967317,1234.01171243147,1233.99936949012,1233.99993096353
1233.73521273791,1234.17671664918,1233.99648832002,1233.99768156479,1234.00004444296
1234.66736107048,1234.08831366166,1233.99667141414,1233.99777850829,1234.00012253166
1233.10290787794,1233.96111949856,1233.98748964837,1233.99951404918,1234.00001228473
1236.79799350773,1233.94722670178,1233.99802084236,1234.00148294689,1233.99991821018
1234.67431597563,1233.91138399364,1233.99658129957,1233.99890328591,1234.00016852774
1233.53467195604,1234.17315723655,1234.00060715884,1233.99884299453,1233.99985366303
1233.66333039211,1233.93882368734,1234.00760824035,1233.99983174421,1234.00008681701
1234.00589676506,1233.97030468312,1233.99962123844,1233.99931895371,1234.00000747615
1233.53225295035,1234.04961698077,1234.01297352542,1234.00166268386,1234.00002542709
1231.54378266357,1234.01858750940,1234.00079301666,1234.00008237570,1234.00001276591
1233.78656574087,1234.05966998839,1234.00067026574,1233.99895617623,1233.99995451339
1233.27772816071,1234.10600474336,1233.98974647897,1233.99960098511,1234.00008592778
1234.45305404787,1233.93192598018,1233.97849824894,1233.99989348428,1233.99997315274
1233.32524251492,1234.06982554803,1233.99316718226,1233.99942680719,1233.99996412071
1235.79978562575,1234.03833672098,1233.99431019711,1233.99938071944,1234.00004994985
1233.49341019305,1234.00110547919,1233.97705922983,1233.99909021972,1233.99997559115
1232.34761100879,1234.18714960887,1233.98755832263,1234.00049642426,1233.99995798412
1235.19667646287,1233.95787824257,1234.00412854381,1234.00007682471,1233.99994261373
1232.45849218323,1234.14317802416,1234.00262019206,1233.99929836414,1233.99980988882
1234.54949520935,1234.20229538003,1233.99002746642,1234.00051367537,1234.00005334185
1234.13613357237,1234.01892379514,1233.99731113008,1233.99817035225,1233.99993648765
1233.75159736674,1234.01807224407,1234.00700141595,1233.99906236113,1234.00018085897
1231.82159816233,1233.87342793366,1234.00908534529,1234.00075184204,1234.00003275319
1235.16034197384,1234.24426328541,1234.00255215974,1234.00049453373,1233.99998226482
1235.43965807733,1234.09177695511,1234.00029653267,1234.00073342827,1233.99990713592
1233.56833335866,1234.10592034462,1233.98464598587,1234.00082502934,1233.99978082650
1233.34533330617,1234.04607050722,1233.99804313094,1234.00032797044,1234.00004392308
1235.33594253877,1233.88303226828,1233.99545998336,1234.00062614401,1234.00011626086
1234.06556422215,1234.13736087559,1233.99820466032,1234.00178942302,1234.00000418961
1235.18864680255,1233.95218807651,1234.00653136115,1233.99921021425,1234.00006133972
1233.39002305490,1233.98780453117,1233.99801993200,1234.00096922585,1234.00001815213
1234.81995923643,1234.02365809927,1234.00399886887,1234.00066914847,1234.00011353702
1236.46024334361,1233.99765434582,1234.00105701226,1234.00146809839,1234.00003457144
1233.40632812587,1233.86718612016,1233.99125938304,1233.99784049331,1233.99998697318
1234.17704009700,1234.17130206339,1233.97813113967,1233.99877022820,1233.99991080816
1233.32742202632,1234.03536199484,1234.02258939515,1234.00144132628,1233.99998753740
1233.74590673264,1233.83382089805,1233.99588307449,1233.99949602379,1233.99998142810
1235.41872340396,1233.81073440679,1233.99680453726,1233.99876970500,1233.99999357236
1235.18253626411,1233.99753945122,1234.01329913965,1234.00075277309,1233.99992355711
1234.42223844894,1234.04963712438,1234.00302629250,1233.99894033329,1233.99993363063
1235.76503048149,1234.20806125240,1234.00149553542,1233.99937692427,1233.99987101326
1233.84192189410,1234.02110489431,1233.99066749072,1233.99952648620,1233.99992527854
1235.28884588925,1233.90021282176,1233.99831684100,1234.00065614926,1233.99993039848
1235.95989009918,1233.96001260131,1233.98852984865,1233.99988111490,1233.99995178832
1234.82749162786,1233.91347136820,1233.99066914125,1233.99957354663,1234.00003772537
1235.30318553146,1234.05276657850,1234.00966443655,1234.00093597293,1234.00001299052
1233.14469327747,1234.10196582439,1233.99796922971,1234.00050505369,1233.99995586043
1234.96218775359,1234.03317173496,1233.98811699986,1234.00022531686,1233.99998698223
1233.91458277017,1234.12212204550,1233.98135735496,1233.99990177944,1234.00008163899
1234.89984071599,1234.10934334903,1233.99323959596,1234.00002163719,1233.99990504651
1235.90095613687,1233.87499301240,1234.01114750552,1233.99927467877,1233.99998823977
1232.59311682443,1234.01485990190,1233.98010732232,1233.99981895592,1234.00011973333
1235.18212802925,1234.05403301059,1234.00513827218,1233.99998606497,1233.99982977731
1233.49708203179,1233.91286923327,1233.99950216734,1234.00058410300,1233.99991228452
1233.60864653215,1234.02055726425,1233.99105724192,1234.00040318651,1234.00003345613
1233.90861748135,1234.08135871436,1234.00195892716,1233.99946783039,1233.99999788981
1234.92538210915,1233.99072470791,1234.01187044380,1233.99960936023,1233.99996245167
1236.64072312881,1234.07548285891,1234.00138885401,1233.99983925790,1233.99979326273
1235.24156735437,1233.94508940067,1234.00572972764,1234.00038554816,1233.99998284813
1233.81024007331,1234.09276451714,1234.01471551872,1234.00100886846,1233.99986201884
1234.69057371292,1234.01353698809,1234.00166680060,1234.00046331442,1233.99999969386
1234.50492732510,1234.05312184935,1234.00960550586,1233.99968331713,1233.99994117769
1233.71920862840,1234.11413778986,1234.00601913457,1234.00049837062,1233.99992306032
1234.92122190659,1233.99581415277,1234.00131091323,1233.99971691843,1234.00003522290
1234.65163172502,1234.01539087684,1233.98059369954,1234.00060206259,1234.00005873393
1232.97160722287,1233.88487536818,1234.01329209166,1234.00000114970,1233.99999405480
1234.72938196751,1233.92729695157,1234.00521859751,1233.99942366493,1233.99997152073
1235.86772562655,1234.00079711184,1234.01066103344,1233.99891826204,1234.00011699909
1232.93874536525,1233.92554092583,1234.00832780724,1233.99922308845,1234.00002004338
1234.86909801235,1234.04103371694,1233.99821419468,1233.99913792284,1233.99970799153
1234.07492868123,1234.03934982871,1234.02078451759,1234.00021874387,1233.99992298905
1236.68505922800,1234.05927671778,1233.99970074211,1233.99983840338,1233.99983155960
1234.99621739414,1234.12284336578,1234.00679815477,1234.00192835763,1233.99994218375
1233.35055626578,1233.84785423383,1234.01581794361,1233.99978931661,1234.00014413010
1233.69319792607,1234.07267264942,1233.99707505086,1234.00046220256,1233.99988945919
1233.66495348171,1233.86982834369,1233.99803385432,1233.99961242985,1233.99999486809
1233.08395927626,1233.95609057619,1234.00647073600,1234.00160144175,1233.99992437598
1234.94214996263,1233.97961310032,1233.99752797501,1233.99833887023,1234.00008494355
1233.37040105998,1234.08837039453,1233.98777627637,1234.00032473666,1234.00014061233
1234.94428019624,1233.88976212209,1234.02326473530,1233.99996343406,1234.00006597939
1232.57086319270,1233.85436441487,1233.99570450026,1233.99954962309,1233.99978959622
1234.13449993878,1234.02929323921,1233.99023121503,1234.00049061896,1233.99996415211
1233.02922751014,1233.95168324494,1233.98023109324,1234.00041898881,1234.00001139380
1234.76530200499,1234.06202956311,1234.00426658850,1233.99866484082,1233.99996771067
1232.56174053659,1233.86353596830,1233.99541308181,1233.99935524797,1234.00005207625
1235.64489815764,1234.19312399149,1233.97561316972,1233.99869158158,1234.00009025022
1235.12675098050,1234.07355593948,1233.99459712532,1234.00134589609,1233.99989475604
1232.29905577720,1234.21303479951,1234.00772626486,1233.99783655276,1233.99998100942
1232.30977051135,1233.91267650948,1234.00165758053,1233.99709866757,1233.99993364375
1232.07405427337,1233.98984550552,1234.02100931871,1234.00066778076,1234.00006326318
1233.49146577229,1233.85244330646,1234.00694363777,1234.00086559448,1233.99988122218
1233.44371813535,1233.97950652934,1233.99787709384,1234.00114823660,1233.99983827661
1233.06845461918,1234.20337330931,1234.00965478244,1233.99950593440,1234.00002994448
1232.61155598497,1234.17817765394,1234.00266930460,1234.00130280134,1234.00012389665
1233.65819753543,1234.12002868022,1234.00388084973,1234.00083722235,1234.00002227838
1235.17842829832,1233.91040277232,1233.98115123694,1234.00119643145,1234.00000626160
1234.12936567134,1233.89040693237,1234.01293525484,1234.00261048681,1234.00006840279
1234.44822440441,1234.04472367246,1233.99203120107,1233.99952295660,1234.00000198551
1232.98305911444,1233.95193100819,1233.99925859879,1234.00047375481,1233.99989737062
1234.37451015328,1233.99505603477,1233.98317062314,1234.00077038643,1233.99990777093
1234.58738444704,1234.02244291152,1234.00145091532,1234.00097241991,1233.99993259165
1232.91891599753,1234.16327281259,1234.01051944466,1233.99919097770,1234.00005768829
1232.80583143305,1233.98570843941,1234.00024707327,1234.00054442751,1234.00016596739
1233.88607726268,1234.08754619203,1233.99533234837,1233.99955096866,1233.99997590995
1234.11822056819,1234.04739986732,1233.99543427962,1233.99826063576,1233.99987531873
1233.46168905475,1233.94654967379,1233.99620421023,1234.00033211274,1234.00010751557
1234.13246843649,1234.04693839235,1234.00444883398,1233.99923840070,1234.00004878242
1236.53144938676,1234.10041901258,1234.00577358846,1233.99913391749,1234.00003995422
1233.54692728947,1233.94932540320,1234.00121565064,1233.99981226742,1233.99999866450
1234.15850344905,1233.92015486130,1233.98959453089,1234.00006940444,1234.00002406231
1234.88395267007,1234.05629280371,1234.00288254902,1233.99917773961,1233.99987043798
1234.35582158272,1233.92175415740,1234.00907691314,1233.99793672445,1233.99991828706
1234.90480987166,1233.85612699504,1234.00939478677,1233.99876486120,1233.99991404780
1233.88868087439,1233.91785564886,1233.99686261525,1234.00050873186,1233.99999706264
1234.12222328514,1234.05900068067,1234.01392934447,1234.00062258461,1234.00000959624
1231.67727564194,1234.02101445378,1233.99713606692,1234.00115926248,1234.00007850567
1232.59055689240,1233.96389287331,1233.99086954357,1233.99991947519,1233.99991278741
1235.72147415526,1233.97610535825,1233.99425301529,1233.99832966300,1234.00000884040
1234.03458330873,1234.14690101992,1234.01479005247,1234.00116208843,1233.99998652762
1234.51768945492,1233.89161657750,1234.01232239417,1234.00125917157,1233.99998249832
1233.99324979807,1233.92247779951,1233.99449295896,1234.00046770505,1234.00005902942
1234.48961312483,1233.93181538147,1234.00780418919,1233.99987166991,1234.00014992676
1235.47247397629,1234.15429162300,1234.00489031712,1233.99906170326,1233.99999548564
1233.40863444261,1234.24925643811,1234.01077056198,1234.00101047294,1233.99996704641
1233.42717379868,1234.03950628243,1233.99094872333,1234.00007528761,1234.00007516227
1234.07448293490,1234.06094485167,1233.98767843366,1234.00040371343,1233.99985506073
1233.27630246871,1233.88746485878,1233.99925362532,1233.99932071473,1234.00009470097
1234.55601707215,1233.93651690078,1233.99772948915,1233.99979291321,1234.00011568248
1235.19554187716,1234.01961149129,1233.98908572989,1234.00013220616,1233.99994799856
1233.55965513949,1233.98520189466,1234.02966753276,1234.00112007819,1234.00000642430
1233.69508475881,1234.04143239969,1234.01355496409,1234.00131809286,1233.99981238322
1233.38306191398,1233.96405113033,1234.00303024887,1233.99976311932,1233.99990008703
1233.09225527753,1233.90449471916,1234.01486486773,1233.99955340844,1233.99995567611
1233.94026542700,1233.90785467243,1233.99131717677,1234.00021797024,1234.00017780969
1235.03949527574,1234.06833823945,1233.99378236177,1234.00027141973,1233.99999101722
1233.11308638963,1233.97581773058,1234.01084288247,1234.00026949822,1234.00021112867
1232.94969666221,1234.05714516196,1233.98700325849,1233.99917919773,1233.99997637575
1234.11716998904,1234.07613450183,1234.01050322357,1233.99945197598,1233.99999124290
1233.35642909333,1234.03242847349,1233.98231941741,1233.99965787977,1233.99998719742
1234.00697517301,1233.89112761543,1233.99561322363,1233.99987338921,1233.99997332292
1234.75672279596,1233.95108363088,1233.99917545265,1234.00026826195,1233.99988700414
1233.09137880460,1233.92796481556,1233.99692759188,1233.99899895345,1234.00014580988
1233.56922417952,1233.83230648838,1234.00676516254,1234.00043377203,1233.99992394357
1234.79737829097,1233.92454094707,1234.00232291715,1233.99963166419,1233.99992942171
1233.55792642750,1233.83610641964,1234.00868644063,1233.99970722522,1233.99997567794
1233.33901425004,1234.08995128390,1233.99259678585,1233.99996974850,1234.00004810856
1235.78830053635,1233.95934314463,1234.00208800347,1233.99937749551,1234.00001102236
1233.64102117291,1233.95315681073,1233.98818331508,1233.99967199658,1234.00005251586
1233.23776542848,1233.90719553820,1233.99105790991,1234.00001335979,1233.99996421123
1233.69070412255,1234.15645033901,1234.01550287222,1233.99991248882,1233.99993563307
1234.18159499492,1234.09585729319,1234.00727917861,1234.00001119859,1234.00002015678
1233.80972150655,1234.17568689741,1233.97859404620,1234.00081066940,1234.00009220120
1232.84114442646,1234.12961547187,1234.00066753767,1233.99956647371,1233.99993154982
1233.77684507349,1234.06020081578,1234.01186402667,1233.99826377366,1234.00009338954
1233.01347564279,1234.11975712813,1234.00081510061,1234.00027356138,1234.00010658556
1233.37466880164,1233.93814782457,1234.00233466477,1234.00029874956,1234.00006289898
1234.31861490560,1233.94320227080,1233.99602429393,1234.00062177494,1233.99988798215
1233.70253522250,1234.10555865749,1233.99222295093,1234.00134739531,1234.00006314716
1234.49501034663,1233.96011580266,1233.98233250498,1233.99889408352,1234.00007095174
1234.18129142315,1234.05648827908,1233.99870235347,1234.00026361986,1233.99993963330
1233.89174374662,1233.94675056335,1234.00007781390,1234.00138160372,1233.99987509383
1231.87377720688,1233.97763769585,1234.01834724951,1233.99982640360,1234.00006417518
1234.16039431475,1234.04126546934,1233.99008676298,1234.00020511333,1233.99989763145
1234.35624830473,1233.96783554025,1234.00492133277,1234.00115457473,1234.00003240639
1233.97720860779,1234.12677053538,1233.99791503209,1234.00048957005,1234.00005502861
1234.28176091150,1234.00544500128,1233.99689235235,1233.99984382836,1233.99987294333
1233.03093512711,1234.01646083511,1234.00411425050,1233.99998160163,1233.99994948041
1232.81291950559,1234.10801210576,1233.99313933478,1234.00089361822,1233.99994498845
1233.46928492157,1233.93628863678,1234.00135072783,1234.00203813197,1233.99999964172
1233.64490860102,1233.95254566050,1234.00386777642,1233.99890107940,1233.99991117574
1232.72564352295,1233.93285783808,1234.00872079880,1234.00040545481,1234.00016259108
1232.25015777764,1234.06440712683,1234.00320374643,1234.00082058149,1233.99997050499
1232.84876194925,1234.18398475791,1234.00072044182,1233.99922088384,1234.00004903815
1235.86451163611,1234.14939801513,1234.00107430174,1233.99839424490,1234.00003453380
1233.52721085735,1233.96024950944,1234.00169279530,1233.99880879504,1233.99997486314
